jones,0dd59819d3e189869aec34eb32eb4624e5f163b4735c1e62602f0d415ac092c6627975685acfaa315effb6dfcb89957f
robert,91bc5050200fcff66f330852e75d50f2f2b436b13a34c66e37357646cba307899fbae1082f3ee23a2006942586986504
thomas,f6744115c1ad967a46ceac349375334582ed2a298a8ed5260f448043788c030e050926a2afdc813c136aa7a91b46b4fc
lydia,02c7c41d56cb27a53ba12c5a13c3d185a281f88295ad4d193e3ba5c287fa105da58726029fed9e97ba59dd5099bb336d
lena,d3c9de517146afcf395153575d49df60c2df1af43f62e93ee3f2a2efa1095741a23b00f9c79353017336e61b6038b3a7
fabi,756f737720c6976579bbd55215fab592f9edd50a554b7e820f9e6a3f1811b38401803217910e4c2d8e110a80b789e18a
1234,85fd2c879dbf437af6f06fd6c14da6a757221d800e3517a9699fbb80965c7f85885951e142ee374aaadad9ba8265b7be
laksjd,3dbb8d155b7fd5c57bd0c1809a35a5b576c8b1508d9acf5a3729675c570e4575cdce11c7737789ffa3357ac101b08c12
laksjsd,7b93419490f58201f7170d5dff352f3ef4e388838a2152b392ea9a39732d4044600f4550f51b0b19a200625cb357b8f6
laokisjdn,e188038c89c97520f578c6c502cb4a0ca85d73b4cc266406f903c4d278d67bdb4b30cb10e15c2ece95d08c7f28f605f1
